<?xml version="1.0" encoding="UTF-8"?>
<!DOCTYPE hibernate-mapping PUBLIC
      "-//Hibernate/Hibernate Mapping DTD 3.0//EN"
          "http://hibernate.sourceforge.net/hibernate-mapping-3.0.dtd">
          
<hibernate-mapping>
	<class name="com.example.demo.User" table="user">
		<id name="id">
			<generator class="increment"></generator>
		</id>
		<property name="userName"></property>
		<property name="email"></property>
		<property name="password"></property>
	</class>
</hibernate-mapping>