<?xml version="1.0" encoding="UTF-8"?>
<beans xmlns="http://www.springframework.org/schema/beans"
    xmlns:xsi="http://www.w3.org/2001/XMLSchema-instance"
    xsi:schemaLocation="http://www.springframework.org/schema/beans
        https://www.springframework.org/schema/beans/spring-beans.xsd">
	<bean id="patientBean" class="com.example.demo.Patient">
		<constructor-arg value="101"></constructor-arg>
		<constructor-arg value="aa"></constructor-arg>
	</bean>
	<bean id="medicineBean" class="com.example.demo.Medicine">
		<constructor-arg value="100"></constructor-arg>
		<constructor-arg value="Crocin"></constructor-arg>
		<constructor-arg value="20"></constructor-arg>
		<constructor-arg value="20"></constructor-arg>
		<constructor-arg value="15/01/2023"></constructor-arg>
		<constructor-arg value="25/06/2023"></constructor-arg>
		<constructor-arg>
			<ref bean="patientBean"></ref>
		</constructor-arg>
		<constructor-arg>
			<list>
				<value>P1</value>
				<value>P2</value>
				<value>P3</value>
				<value>P4</value>
				<value>P5</value>
			</list>
		</constructor-arg>
	</bean>
</beans>